{
  "author": "Amit Naik",
  "classifications": [],
  "description": "Hexagonal Architecture Web API solution template which is built on Domain-Driven Design (DDD)-based using .NET Core",
  "name": "Hexagonal Architecture",
  "defaultName": "HA",
  "identity": "HexaArchitecture.CSharp",
  "groupIdentity": "HexaArchitecture",
  "tags": {
    "language": "C#",
    "type": "project"
  },
  "shortName": "HexaArchitecture",
  "sourceName": "Generator",
  "guids": [],
  "primaryOutputs": [
    {
      "path": "Generator\\Generator.csproj"
    },
    {
      "path": "Generator.Domain\\Generator.Domain.csproj"
    },
    {
      "path": "Generator.DomainApi\\Generator.DomainApi.csproj"
    },
    {
      "path": "Generator.Persistence.Adapter\\Generator.Persistence.Adapter.csproj"
    },
    {
      "path": "Generator.RestAdapter\\Generator.RestAdapter.csproj"
    },
    {
      "path": "Generator.Domain.UnitTest\\Generator.Domain.UnitTest.csproj"
    },
    {
      "path": "Generator.DomainApi.UnitTest\\Generator.DomainApi.UnitTest.csproj"
    },
    {
      "path": "Generator.Persistence.Adapter.UnitTest\\Generator.Persistence.Adapter.UnitTest.csproj"
    },
    {
      "path": "Generator.RestAdapter.UnitTest\\Generator.RestAdapter.UnitTest.csproj"
    }
  ]
}