﻿{
    "authenticate": false,
    "authClientId" : "bB8ln8mh8hVb5kxnpTowceMb0t25Owl9",
    "authDomain" : "nakedobjects.eu.auth0.com",
    "appPath": "https://nakedfunctionsdemo.azurewebsites.net/",
    "logoffUrl": "",
    "urlShortCuts": [ "https://nakedfunctionsdemo.azurewebsites.net", "AdventureWorksFunctionalModel" ],
    "doUrlValidation": true,
    "applicationName" : "Adventureworks Demo",
    "clearCacheOnChange": true,
    "colors": {
        "typeMap": {
            "AW.Types.Customer": 1,
            "AW.Types.Product": 4,
            "AW.Types.Employee": 5,
            "AW.Types.SalesPerson": 6,
            "AW.Types.SpecialOffer": 7,
            "AW.Types.Vendor": 9,
            "AW.Types.WorkOrder": 12
        },
        "regexArray": [
            {
                "regex": ".*SalesOrder.*",
                "color": 2
            },
            {
                "regex": ".*PurchaseOrder.*",
                "color": 10
            }
        ],
        "subtypeMap": {
            "AW.Types.BusinessEntity": 8
        },
        "default": 0,
        "randomMaxIndex" : 12
    },
    "masks": {
        "currencyMasks": {
            "C": {
                "format": "decimal",
                "symbol": "GBP",
                "digits": "1.2-2"
            },
            "c": {
                "format": "decimal",
                "symbol": "GBP",
                "digits": "1.2-2"
            }
        },
        "dateMasks": {
            "d": {
                "format": "date-time",
                "mask": "d LLL yyyy"
            },
            "D": {
                "format": "date",
                "mask": "d LLL yyyy HH:mm:ss"
            },
            "T": {
                "format": "time",
                "mask": "HH:mm"
            }
        }
    },
    "logLevel": "debug"
}